ID,Author,Text,Date,Like_Count,Retweet_Count,Reply_Count,URL
1944754962996592996,PervinBuldan,"RT @DEMGenelMerkezi: Basına ve Kamuoyuna,

DEM Parti İmralı Heyetinin açıklaması:
https://t.co/yoEr9JnnkQ https://t.co/PgPUof7HYn",Mon Jul 14 13:44:49 +0000 2025,0,147,0,https://twitter.com/PervinBuldan/status/1944754962996592996
1943573432970420311,PervinBuldan,"Hayırlı bir Cuma. Biliyorum izliyorsun, görüyorsun, mutlu ve huzurlusun. Rahat uyu yoldaş Sırrı. Bugün silahlar teslim edilecek. Artık gençlerin ölmedigi, annelerin ağlamadığı bir gelecek var önümüzde. Barış sana armağan olsun. https://t.co/m1sl5D1hw8",Fri Jul 11 07:29:50 +0000 2025,14250,851,432,https://twitter.com/PervinBuldan/status/1943573432970420311
1941459458313646491,PervinBuldan,İyi ki doğdun yoldaşım.,Sat Jul 05 11:29:40 +0000 2025,2272,53,142,https://twitter.com/PervinBuldan/status/1941459458313646491
1941401830992511327,PervinBuldan,Van Bölge Eğitim Ve Araştırma Hastanesi’nde yatan hastaları ziyaret ettik.Bütün hastalara acil şifalar diliyorum. https://t.co/60YxKUczLW,Sat Jul 05 07:40:40 +0000 2025,217,19,172,https://twitter.com/PervinBuldan/status/1941401830992511327
1941099745906487359,PervinBuldan,Van İl örgütümüzle beraber cezaevlerinden tahliye olan arkadaşlarımızı evlerinde ziyaret ettik. Geçmiş olsun. https://t.co/HgsQa7JNoW,Fri Jul 04 11:40:17 +0000 2025,520,21,70,https://twitter.com/PervinBuldan/status/1941099745906487359
1940734896978514257,PervinBuldan,"Van’da Il örgütümüz, İl Eşbaşkanlarımız ve Milletvekillerimizle birlikte yöre Derneklerini ziyaret ediyoruz. Tillo’lular Dernegi yönetim ve üyelerine misafirperverliklerinden dolayı teşekkür ediyoruz. https://t.co/Ya4o0qaxjz",Thu Jul 03 11:30:31 +0000 2025,199,11,6,https://twitter.com/PervinBuldan/status/1940734896978514257
1940372494416019518,PervinBuldan,"Van il örgütümüz ve İl eş başkanı 
Veysi Dilekçi’yle birlikte Kesk Van Şubesini ziyaret ettik. Kesk şube yönetimine çok teşekkür ediyoruz. https://t.co/B7RyqT81xQ",Wed Jul 02 11:30:27 +0000 2025,365,27,56,https://twitter.com/PervinBuldan/status/1940372494416019518
1940053503839219982,PervinBuldan,Cezaevinden yeni çıkan eski İl Eşbaşkanımız Fikret Doğan’ı Van’da evinde ziyaret ettik. Tekrar geçmiş olsun. https://t.co/ijvfd0w93N,Tue Jul 01 14:22:54 +0000 2025,1171,40,70,https://twitter.com/PervinBuldan/status/1940053503839219982
1939216176942567926,PervinBuldan,"Özgürlük, barış ve demokrasi insanı, sevgili Orhan Doğan’ı aramızdan ayrılışının 18. yıldönümünde sevgi ve minnetle anıyorum. https://t.co/g5bKkUaSka",Sun Jun 29 06:55:40 +0000 2025,927,44,11,https://twitter.com/PervinBuldan/status/1939216176942567926
1937183200125812970,PervinBuldan,Allah şifa versin. Bütün dualarımız Emine Annemiz için.,Mon Jun 23 16:17:20 +0000 2025,497,30,23,https://twitter.com/PervinBuldan/status/1937183200125812970
1935769726707462529,PervinBuldan,Van’ın bir önceki İl Eşbaşkanı Fikret Doğan bugün tahliye oldu. Geçmiş olsun.,Thu Jun 19 18:40:42 +0000 2025,1176,30,27,https://twitter.com/PervinBuldan/status/1935769726707462529
1934706595146903992,PervinBuldan,"Selahattin Demirtaş yazdı, Ferhat Tunç seslendirdi. Sırrı Süreyya Önder’e ağıt. Sevgiyle ve minnetle…
https://t.co/noQViuFdEr",Mon Jun 16 20:16:12 +0000 2025,1599,96,14,https://twitter.com/PervinBuldan/status/1934706595146903992
1934641885072486499,PervinBuldan,Barışa İhtiyacım Var Kadın İnsiyatifi ile Barışı konuştuk. Emeği geçen herkese sonsuz teşekkürler. https://t.co/fAtl9tB8ng,Mon Jun 16 15:59:03 +0000 2025,403,21,12,https://twitter.com/PervinBuldan/status/1934641885072486499
1934185722237317379,PervinBuldan,"Ali Mendilloğlu, Cano, Ceren ve hepsi. Bu fotoğrafa kalbimi bıraktım. https://t.co/VTgAOIwbA5",Sun Jun 15 09:46:26 +0000 2025,1904,43,20,https://twitter.com/PervinBuldan/status/1934185722237317379
1933073971563426037,PervinBuldan,"Nasıl desem. Desem sana dert, demesem bana dert.
Nurlar içinde uyu.",Thu Jun 12 08:08:44 +0000 2025,2743,63,23,https://twitter.com/PervinBuldan/status/1933073971563426037
1932089975895359855,PervinBuldan,Manisa Büyükşehir Belediye Başkanı Ferdi Zeyrek’e Allah’tan rahmet diliyorum. Sevenlerinin başı sagolsun. https://t.co/vGJmmmsYlQ,Mon Jun 09 14:58:41 +0000 2025,2117,47,15,https://twitter.com/PervinBuldan/status/1932089975895359855
1932047077225254957,PervinBuldan,Van İl Eşbaşkanımız Veysi Dilekçi ve @GulcanKcmzSyygt Vekilimizle birlikte Yüzüncü Yıl Dursun Odabaşı Tıp Fakültesinde ve evlerde yatan hastalarımıza ziyaretler gerçekleştirdik. Allah hepsine şifa versin. https://t.co/96KYPcPiPY,Mon Jun 09 12:08:13 +0000 2025,234,7,3,https://twitter.com/PervinBuldan/status/1932047077225254957
1931795817825812578,PervinBuldan,Milletvekilimiz Mahmut Dindar’ı Van’da tedavi gördüğü hastanede ziyaret ettik. En kısa zamanda sağlığına kavuşmasını temenni ediyor acil şifalar diliyoruz. https://t.co/43oTJEn6D3,Sun Jun 08 19:29:48 +0000 2025,613,14,13,https://twitter.com/PervinBuldan/status/1931795817825812578
1931716268828369074,PervinBuldan,Van İl Eşbaşkanımız Gülşen Kurt ve @GulcanKcmzSyygt Vekilimizle birlikte Van Barosunu ziyaret ettik. Baro Başkanı Sn. Sinan Özaraz ve arkadaşlarına sıcak ilgilerinden dolayı teşekkür ediyoruz. https://t.co/synaCoowUp,Sun Jun 08 14:13:42 +0000 2025,281,9,10,https://twitter.com/PervinBuldan/status/1931716268828369074
1931713283918123009,PervinBuldan,"RT @DEMPartiWan: DEM parti İmralı heyeti üyesi, TBMM Başkanvekili ve Van Milletvekilimiz Pervin Buldan, Demokratik Birlik İnisiyatifi Eşbaş…",Sun Jun 08 14:01:51 +0000 2025,0,14,0,https://twitter.com/PervinBuldan/status/1931713283918123009
1931703577120010280,PervinBuldan,Van’da aile ziyaretlerimizden. https://t.co/3SxJ5vphcm,Sun Jun 08 13:23:16 +0000 2025,543,10,4,https://twitter.com/PervinBuldan/status/1931703577120010280
1931439860876746811,PervinBuldan,"RT @DEMPartiWan: Me îro bi beşdarbûna gelê xwe ve cejna qûrbanê bi girseyî pîroz kir. 

Van il binamızda halkımızla bayramlaşma programımız…",Sat Jun 07 19:55:21 +0000 2025,0,16,0,https://twitter.com/PervinBuldan/status/1931439860876746811
1931436503839748505,PervinBuldan,Manisa Büyükşehir Belediye Başkanı Sn. Ferdi Zeyrek’e acil şifa diliyorum. En kısa zamanda sağlığına kavuşur insallah. https://t.co/zdO5u2Nn4Y,Sat Jun 07 19:42:01 +0000 2025,1576,35,10,https://twitter.com/PervinBuldan/status/1931436503839748505
1931435196470939704,PervinBuldan,"RT @ipekyolubeltr: İpekyolu Belediye Eşbaşkanı Canan Uzunay, Meclis İkinci Başkan Vekili Cahit Şen, Belediye Eşbaşkan Yardımcısı Cüneyt Erg…",Sat Jun 07 19:36:49 +0000 2025,0,3,0,https://twitter.com/PervinBuldan/status/1931435196470939704
1931328103466316067,PervinBuldan,Van İl Örgütümüzde halkımızla bayramlaştık. https://t.co/SQyu0SAvDJ,Sat Jun 07 12:31:16 +0000 2025,479,11,5,https://twitter.com/PervinBuldan/status/1931328103466316067
1931062257401905662,PervinBuldan,Eyda hewê pîroz bit.💐,Fri Jun 06 18:54:54 +0000 2025,1522,25,55,https://twitter.com/PervinBuldan/status/1931062257401905662
1930733389570527379,PervinBuldan,"Diyarbakır’da bir apartmanda çıkan yangında hayatını kaybedenlere Allah’tan rahmet, yaralılara acil şifalar diliyorum. Geçmiş olsun.",Thu Jun 05 21:08:06 +0000 2025,561,19,10,https://twitter.com/PervinBuldan/status/1930733389570527379
1930372469728157996,PervinBuldan,"RT @Zelalalal: Bu sene hep bu cümleyi hatırlayacağım🤍
“Diken gibi sivri bulun dik davran
Başına gülden çelenkler örsün devran” https://t.co…",Wed Jun 04 21:13:56 +0000 2025,0,40,0,https://twitter.com/PervinBuldan/status/1930372469728157996
1930356959854899566,PervinBuldan,"RT @mahabadanter: Savaş Buldan, Musa Anter , Feqi Hüseyin Sağnıç https://t.co/jKrI9UxEaG",Wed Jun 04 20:12:18 +0000 2025,0,47,0,https://twitter.com/PervinBuldan/status/1930356959854899566
1929962409982063028,PervinBuldan,"RT @KeskinBayindir: Bundan 31 yıl önce katledilen Kürt iş insanları Savaş Buldan, Adnan Yıldırım ve Hacı Karay'ı bir kez daha özlemle anıyo…",Tue Jun 03 18:04:30 +0000 2025,0,21,0,https://twitter.com/PervinBuldan/status/1929962409982063028
1929902571918868657,PervinBuldan,"RT @AbdullahZeydan: 32 yıl önce katledilen Savaş Buldan, Hacı Karay ve Adnan Yıldırım’ı saygı ve rahmetle anıyorum. 

Barış düşmanlarına in…",Tue Jun 03 14:06:43 +0000 2025,0,30,0,https://twitter.com/PervinBuldan/status/1929902571918868657
1929857539413311889,PervinBuldan,"RT @dempartistanbul: Eş Genel Başkanımız Tuncer Bakırhan, İmralı Heyeti Üyesi ve Meclis Başkanvekilimiz Pervin Buldan, İl Eş Başkanımız Ari…",Tue Jun 03 11:07:47 +0000 2025,0,19,0,https://twitter.com/PervinBuldan/status/1929857539413311889
1929857233719861711,PervinBuldan,"RT @oznurbartin: Di salvegera qetilkirina #SavaşBuldan, #AdnanYildirim û #HaciKaray de wan bi rêzdarî û minnetdarî bi bîr tînim.

Em ê soza…",Tue Jun 03 11:06:34 +0000 2025,0,3,0,https://twitter.com/PervinBuldan/status/1929857233719861711
1929838386715426855,PervinBuldan,"RT @SezaiTemelli: Savaş Buldan’ı, Hacı Karay’ı ve Adnan Yıldırım’ı özlemle, saygıyla ve mücadele azmiyle anıyorum.

Bu halkın onlara bir ba…",Tue Jun 03 09:51:40 +0000 2025,0,17,0,https://twitter.com/PervinBuldan/status/1929838386715426855
1929831805835788404,PervinBuldan,"RT @tuncerbakirhan: 31 yıl önce bugün, sadece Kürt iş insanı olmanın bedelini canlarıyla ödeyen Savaş Buldan, Adnan Yıldırım ve Hacı Karay'…",Tue Jun 03 09:25:31 +0000 2025,0,67,0,https://twitter.com/PervinBuldan/status/1929831805835788404
1929831582820405311,PervinBuldan,"RT @meraldanis: Savaş Buldan'ı, Hacı Karay'ı ve Adnan Yıldırım'ı saygıyla, minnetle ve özlemle anıyorum; anıları mücadelemize her zaman ışı…",Tue Jun 03 09:24:38 +0000 2025,0,10,0,https://twitter.com/PervinBuldan/status/1929831582820405311
1929797660753424871,PervinBuldan,"RT @gulderenvarli: Yıllardır faili ""belli"" cinayetlerle yaşamını yitirenlerin yakınlarının adalet arayışı sürüyor.  Adaletin sağlanmadığı,…",Tue Jun 03 07:09:50 +0000 2025,0,11,0,https://twitter.com/PervinBuldan/status/1929797660753424871
1929789769157890495,PervinBuldan,"RT @besnatosun: ""Baba bana yaşamın
Çekirdeğini göster
Baba bana bu yolun
Sonundaki çiçeği"" #SavaşBuldan 
3 Haziran 1994 https://t.co/zbVAVG…",Tue Jun 03 06:38:29 +0000 2025,0,31,0,https://twitter.com/PervinBuldan/status/1929789769157890495
1929789678053372187,PervinBuldan,RT @KeskinEren1: Savaş Buldan Hacı Karay Adnan Yıldırım 3 Haziran 1994 günü dönemin ‘devlet iradesi’ kararı ile katledildi. Savaş Buldan’ın…,Tue Jun 03 06:38:07 +0000 2025,0,119,0,https://twitter.com/PervinBuldan/status/1929789678053372187
1929778499717349605,PervinBuldan,"Üç güzel insan asla unutulmayacaksınız. Size büyük ve onurlu bir Barış’ı armağan edeceğiz. Sevgi, minnet ve şükranla https://t.co/1mH2vSggKu",Tue Jun 03 05:53:42 +0000 2025,3145,136,479,https://twitter.com/PervinBuldan/status/1929778499717349605
1929774914174665097,PervinBuldan,"RT @Zelalalal: Sen gideli ben doğalı otuz bir yıl oldu bugün.
Geçen ay ilk kez sana ait fotoğraf albümüne daha yakından baktım. Ne kadar ga…",Tue Jun 03 05:39:27 +0000 2025,0,90,0,https://twitter.com/PervinBuldan/status/1929774914174665097
1929273755227873706,PervinBuldan,Van Sporu 1. Lige yükselmesinden dolayı kutluyorum. Başarılarının devamını diliyorum. https://t.co/16VpheARng,Sun Jun 01 20:28:02 +0000 2025,3410,53,24,https://twitter.com/PervinBuldan/status/1929273755227873706
1929152554505548274,PervinBuldan,"Şimdi FİNAL zamanı. 
Birinci Lige yükselmek için 2’inci Lig’de Play-off Final maçında bugün Kayseri’de karşılaşacak olan Vanspor ve Batman Petrolspor maçında her iki takıma başarılar diliyorum.
Ümit ederiz ki dostluk kazansın, spor kazansın… https://t.co/6OBZxOwZRw",Sun Jun 01 12:26:25 +0000 2025,1334,32,13,https://twitter.com/PervinBuldan/status/1929152554505548274
1928479014433292312,PervinBuldan,"Hamit Geylani’yi memleketi Şemdinli’de sonsuzluğa uğurladık. 

78 yıllık ömrünün her anında halkına sadık, adalete bağlı, hakikatten yana oldu. Şimdi geriye bir meşale kaldı: Onurla mücadele etmenin, dimdik durmanın, halkı için yaşamış bir ömrün meşalesi.

Hamit Geylani’yi saygı, sevgi ve minnetle anıyoruz.",Fri May 30 15:50:01 +0000 2025,619,41,23,https://twitter.com/PervinBuldan/status/1928479014433292312
1928469252064825746,PervinBuldan,RT @tuncerbakirhan: HEP’ten bugüne uzanan onurlu mücadelemizin neferi sevgili yol arkadaşımız Hamit Geylani’yi memleketi Şemdinli'de toprağ…,Fri May 30 15:11:13 +0000 2025,0,93,0,https://twitter.com/PervinBuldan/status/1928469252064825746
1928124763970375898,PervinBuldan,"RT @DEMGenelMerkezi: Kürt siyasetinin emektarlarından, DEP’ten günümüze kadar Kürt siyasi hareketinde yer alan Hamit Geylani’yi son yolculu…",Thu May 29 16:22:21 +0000 2025,0,50,0,https://twitter.com/PervinBuldan/status/1928124763970375898
1927673665052614785,PervinBuldan,"Kadim dost Hamit Geylani.Demokrasi ve barış mücadelesinin neferi, güzel yürekli abim…Yeri asla doldurulmayacak olan yoldaşlardan biri olarak kalacaksın. Asla unutulmayacaksın. Mekanın cennet olsun. https://t.co/vUC2FOhLGt",Wed May 28 10:29:50 +0000 2025,823,26,32,https://twitter.com/PervinBuldan/status/1927673665052614785
1924550841236676916,PervinBuldan,Faruk Saglam’ı kaybetmenin derin üzüntüsünü yaşıyoruz. Ailesinin ve halkımızın başı sağolsun.,Mon May 19 19:40:51 +0000 2025,534,20,32,https://twitter.com/PervinBuldan/status/1924550841236676916
1924019112738443605,PervinBuldan,"Serê malbata me, serê gele me sax be. 
Cîhê wî buheşt be.",Sun May 18 08:27:57 +0000 2025,671,16,52,https://twitter.com/PervinBuldan/status/1924019112738443605
1923685380957639134,PervinBuldan,"Galatasaray Meydanı’nda, yitirdiklerimizi anmak ve insanlık onurunun sesi olmak için Cumartesi annelerinin eylemine katıldık. 

Galatasaray meydan yalnızca kaybedilenlerin değil; onların peşini bırakmayan annelerin, kardeşlerin, evlatların adalet arayışının simgesidir.

Toplumsal barış, geçmişle samimi bir yüzleşmeden geçer. Hakikat kabul edilmeli, adalet sağlanmalı ki demokrasi ve barış mümkün olsun.",Sat May 17 10:21:49 +0000 2025,864,69,89,https://twitter.com/PervinBuldan/status/1923685380957639134
1923055754908405881,PervinBuldan,Birçok cezaevinden çok sayıda fax ve mektup aldım. Sırrı Süreyya Önder yoldaş için taziye dileklerini belirtiyorlar. Hepsini ailesine teslim ettim. Her birine ayrı ayrı teşekkür ediyoruz.,Thu May 15 16:39:55 +0000 2025,2560,76,53,https://twitter.com/PervinBuldan/status/1923055754908405881
1922177204663845168,PervinBuldan,Sevgili Selahattin Demirtaş’dan son kitabı Jamal gelmiş. Teşekkürler. https://t.co/vYwXhTF7FP,Tue May 13 06:28:52 +0000 2025,6858,197,84,https://twitter.com/PervinBuldan/status/1922177204663845168
1921964042790273054,PervinBuldan,"RT @aslanferit21: MHP Genel Başkanı Devlet Bahçeli, Edirne Cezaevi'nde bulunan HDP eski Eş Genel Başkanı Selahattin Demirtaş'la telefon gör…",Mon May 12 16:21:50 +0000 2025,0,107,0,https://twitter.com/PervinBuldan/status/1921964042790273054
1921914679149949057,PervinBuldan,Senin de emeğin ve katkın çok büyük sevgili Selahattin Başkan. Sana da teşekkürler.,Mon May 12 13:05:41 +0000 2025,7570,308,196,https://twitter.com/PervinBuldan/status/1921914679149949057
1921580640589246760,PervinBuldan,"RT @Ronahi_nupelda: Zeliha Ana senin de Anneler günün kutlu olsun…

#RojaDayîkaPîrozBe https://t.co/sPsNFbjLQS",Sun May 11 14:58:20 +0000 2025,0,117,0,https://twitter.com/PervinBuldan/status/1921580640589246760
1921472522094084368,PervinBuldan,"Batman İl Eşbaşkanımız, yol arkadaşımız Mustafa Mesut Tekik’in kaybetmenin üzüntüsünü yaşıyoruz.
Başta ailesi, sevenleri, Batman il örgütümüz olmak üzere hepimizin başı sağ olsun.",Sun May 11 07:48:43 +0000 2025,674,12,5,https://twitter.com/PervinBuldan/status/1921472522094084368
1921471823977337214,PervinBuldan,Tüm annelerimizin Anneler Günü kutlu olsun. Barış Annelerimize armağan olsun.💐,Sun May 11 07:45:56 +0000 2025,3121,81,65,https://twitter.com/PervinBuldan/status/1921471823977337214
1920946943032709152,PervinBuldan,RT @dilankuntayan: Sırrı başkanı memleketi Adıyaman’da bir kez daha andık. Bütün Anadolu ve Mezopotamya memleketidir artık. Barış mücadelem…,Fri May 09 21:00:15 +0000 2025,0,7,0,https://twitter.com/PervinBuldan/status/1920946943032709152
1920891690618871938,PervinBuldan,"RT @DEMGenelMerkezi: Sırrı Süreyya Önder için bugün memleketi Adıyaman’da taziye kuruldu. Taziyeye; Önder’in ailesi, Eş Genel Başkanımız Tü…",Fri May 09 17:20:42 +0000 2025,0,56,0,https://twitter.com/PervinBuldan/status/1920891690618871938
1919618029752594863,PervinBuldan,"BAZI EMANETLER, YÜREKLE TAŞINIR… https://t.co/F17G9qI7Do",Tue May 06 04:59:37 +0000 2025,1942,67,33,https://twitter.com/PervinBuldan/status/1919618029752594863
1919249880406478938,PervinBuldan,Gel bir cigara içek. https://t.co/gcGRqCFa8b,Mon May 05 04:36:44 +0000 2025,22487,1024,328,https://twitter.com/PervinBuldan/status/1919249880406478938
1919119544745914368,PervinBuldan,Milyonların gönlünde taht kurdun. Rahat uyu. Gözün arkada kalmasın yoldaş. Bugün sana veda ederken çok söz verdim ama bir şeyi unuttum.  Ceren de bana emanet. https://t.co/yPAH3JDsts,Sun May 04 19:58:49 +0000 2025,13866,463,133,https://twitter.com/PervinBuldan/status/1919119544745914368
1916784012619645125,PervinBuldan,"Çok yaralısın biliyorum. Kalbin yaralı, yüreğin yaralı,beynin bedenin yaralı. 15 Nisan akşamı geçirdiğin kalp krizi değil seni yaralayan bunu da biliyorum. En son 7 ay önce bir daha, yeniden Barış’a çıkan yola girdiğimiz zaman başladı ağrıların. Bir Türk, bir Arap Kürdün barışını sağlayamaz diyenlere inat “Aman başkanım geri dönüş yok” dedin. Oysa aslında sen Türk bende Kürt’tüm.Sen yüreğinin içine Barış’ı yerleştirmiştin. Türk’ü, Kürt’ü, Ermeniyi, Aleviyi, Lazı, Çerkez’i, Kadınları, Çocukları koymustun yüreğinin tam ortasına. 85 milyonu yerleştirmiştin. Oysa ne fark ederdi ki gönlünü, ömrünü Barış’a adayanın Türk yada Kürt olmasına.Ben daraldığımda “Rahat ol Başkanım ben hallederim”diyordun. Şimdi ben sana diyorum sen iyileşmene bak ben hallederim. İki omuzunun üstüne benim de yükümü koymustun. Şimdi ben senin yükünü omuzlarıma aldım. Sen şimdi hastanenin -3. Kartında, yoğun bakımda yaralı bedeninle yatıyorsun. Barış’a giden yola birlikte baş koyduk. Seninle tamamlıyacağız. Bu yolda beni, bizi yalnız bırakmayacağını biliyorum. Gerçekleşecek olan Barış senin güzel yüreğine merhem olacak. Hadi uyan, yola devam Sırrı Başkanım.",Mon Apr 28 09:18:15 +0000 2025,8499,585,422,https://twitter.com/PervinBuldan/status/1916784012619645125
1916587975628018027,PervinBuldan,Sırrı Süreyya Önder: Sözcüklerle Yaralanmış Bir Barış Elçisi https://t.co/jgms3Qdeqs,Sun Apr 27 20:19:16 +0000 2025,838,33,47,https://twitter.com/PervinBuldan/status/1916587975628018027
1916561563416224141,PervinBuldan,"RT @ilketvcomtr: 🖊️Cegerxwîn Polat yazdı: Sırrı Abi’ye mektup…
""Barış arabasının tekeri bir kez dönmüştü ve duramazdı. Omuz verdi yoldaşlar…",Sun Apr 27 18:34:19 +0000 2025,0,20,0,https://twitter.com/PervinBuldan/status/1916561563416224141
1914766817584705591,PervinBuldan,"Van- Hakkari karayolunda meydana gelen trafik kazasında yaşamını yitiren insanlarımıza Allah’tan rahmet, yaralılara acil şifalar diliyorum. Başımız sağolsun.",Tue Apr 22 19:42:38 +0000 2025,885,27,14,https://twitter.com/PervinBuldan/status/1914766817584705591
1913932349537927617,PervinBuldan,RT @DEMGenelMerkezi: İmralı Heyeti üyesi Sırrı Süreyya Önder’in hastanedeki yoğun bakım tedavisi sürüyor. Partimiz bütün kurullarıyla hasta…,Sun Apr 20 12:26:45 +0000 2025,0,165,0,https://twitter.com/PervinBuldan/status/1913932349537927617
1913932232491704517,PervinBuldan,"RT @aysegul__dogan: DEM Parti olarak İmralı Heyeti’ne yeni isimlerin katılmasına dönük bir tartışmamız yoktur.
Ayrıca Adalet Bakanı ile gör…",Sun Apr 20 12:26:18 +0000 2025,0,44,0,https://twitter.com/PervinBuldan/status/1913932232491704517
1913642952796029278,PervinBuldan,"İdris Baluken yazdı | Acele etme, fazla da gecikme Sırrı Abi… https://t.co/ntzlrwBg6j",Sat Apr 19 17:16:48 +0000 2025,1143,58,30,https://twitter.com/PervinBuldan/status/1913642952796029278
1913122473756835964,PervinBuldan,Sn. Cumhurbaşkanı’nı ziyaret edeceğimiz gün “Başkanım gel bir selfi çekip kızlarımıza gönderelim” dedi. “Barış için her şeyi göze alıyoruz bilsinler.”diyerek gülmüştük yoldaşımla.” “Linç ve hakaretlere hazır olsun onlar da demişti “ https://t.co/ouC90CoSpL,Fri Apr 18 06:48:36 +0000 2025,9386,304,330,https://twitter.com/PervinBuldan/status/1913122473756835964
1912859433085862026,PervinBuldan,Hastane önünden. https://t.co/lmszN1DEsk,Thu Apr 17 13:23:22 +0000 2025,5915,159,112,https://twitter.com/PervinBuldan/status/1912859433085862026
1912851025909666173,PervinBuldan,RT @cerenonder_: En iyi bildiğin şeyi yap ve diren baba. Benim için değilse torunun için. Senin ona anlatacaklarını ben anlatamam. Elime yü…,Thu Apr 17 12:49:58 +0000 2025,0,2901,0,https://twitter.com/PervinBuldan/status/1912851025909666173
1912729789963575806,PervinBuldan,Muhsin Kızılkaya’ya teşekkür edeceğim hiç aklıma gelmezdi. O kadar güzel anlatmışsın ki gerçekten teşekkür.,Thu Apr 17 04:48:13 +0000 2025,1431,38,110,https://twitter.com/PervinBuldan/status/1912729789963575806
1912108403050054039,PervinBuldan,Mahmut Duran (Qiro) mücadele tarihinde hem de Hakkari halkının gönlünde taht kurmuştu. Derin izler bırakarak vefat etti. Mekanı cennet olsun. Ailesinin ve Hakkari halkının başı sağolsun. https://t.co/Z5jixkCPDu,Tue Apr 15 11:39:03 +0000 2025,163,10,5,https://twitter.com/PervinBuldan/status/1912108403050054039
1911047505212551278,PervinBuldan,İtalya’nın Başkenti Roma’da düzenlenen Kürt Konferansindayiz. https://t.co/0ObYIUyopm,Sat Apr 12 13:23:25 +0000 2025,1764,83,212,https://twitter.com/PervinBuldan/status/1911047505212551278
1906238426287898817,PervinBuldan,Cejna we pîroz be.💐,Sun Mar 30 06:53:51 +0000 2025,2274,35,44,https://twitter.com/PervinBuldan/status/1906238426287898817
1905357532995944759,PervinBuldan,Geçmiş olsun ve acil şifa dileklerimi iletiyorum.,Thu Mar 27 20:33:30 +0000 2025,741,21,22,https://twitter.com/PervinBuldan/status/1905357532995944759
1903706633445707812,PervinBuldan,Faşo,Sun Mar 23 07:13:25 +0000 2025,17932,895,4842,https://twitter.com/PervinBuldan/status/1903706633445707812
1903407576236048389,PervinBuldan,Kürtlerin bayramı olduğu için hep yasaklandı.,Sat Mar 22 11:25:04 +0000 2025,5596,180,919,https://twitter.com/PervinBuldan/status/1903407576236048389
1903372738179236112,PervinBuldan,Newroz’a Rıha. https://t.co/xFFxwHCFQ3,Sat Mar 22 09:06:38 +0000 2025,1078,29,25,https://twitter.com/PervinBuldan/status/1903372738179236112
1902980060006531308,PervinBuldan,"2025 Newroz’u barışa ve özgürlüklere vesile olsun. 
Newroz pîroz be!",Fri Mar 21 07:06:16 +0000 2025,628,14,17,https://twitter.com/PervinBuldan/status/1902980060006531308
1902702390966403440,PervinBuldan,"Urfa Newroz mitingimizden. 
Newroz piroz be. https://t.co/nKsD2m3QhG",Thu Mar 20 12:42:55 +0000 2025,776,21,20,https://twitter.com/PervinBuldan/status/1902702390966403440
1902356296084390387,PervinBuldan,"Newroz’a Wan’e.
Newroz piroz be. https://t.co/YJVVmlxpmC",Wed Mar 19 13:47:39 +0000 2025,1390,37,55,https://twitter.com/PervinBuldan/status/1902356296084390387
1900529921023164788,PervinBuldan,"19 Mart Çarşamba Van Newroz’unda buluşalım.
Newroz Piroz Be.. https://t.co/L0EInR3DP6",Fri Mar 14 12:50:17 +0000 2025,91,5,8,https://twitter.com/PervinBuldan/status/1900529921023164788
1900153430590521802,PervinBuldan,Barış Annesi Sakine Arat’a Allah’tan rahmet diliyorum. Ömrünü barışa adamış bir annemiz daha yitip gitti bu dünyadan. Mücadelesi her daim bizimle olacak. https://t.co/KszCUuciCx,Thu Mar 13 11:54:15 +0000 2025,485,17,12,https://twitter.com/PervinBuldan/status/1900153430590521802
1899550375201460512,PervinBuldan,RT @OhdVan: DEM Parti Van Milletvekili @PervinBuldan ile @DEMPartiWan İl Eşbaşkanları Veysi Dilekçi ve Gülşen Kurt’un da aralarında bulundu…,Tue Mar 11 19:57:56 +0000 2025,0,2,0,https://twitter.com/PervinBuldan/status/1899550375201460512
1899506108621902072,PervinBuldan,"RT @DEMPartiWan: DEM parti Van il eş başkanlarımız #GülşenKurt, #VeysiDilekçi ile Van Milletvekilimiz ve İmralı heyeti üyesi #PervinBuldan'…",Tue Mar 11 17:02:02 +0000 2025,0,3,0,https://twitter.com/PervinBuldan/status/1899506108621902072
1899466015177580680,PervinBuldan,"RT @DEMPartiWan: DEM parti Van il eş başkanlarımız #GülşenKurt, #VeysiDilekçi ile Van Milletvekilimiz ve İmralı heyeti üyesi #PervinBuldan'…",Tue Mar 11 14:22:43 +0000 2025,0,3,0,https://twitter.com/PervinBuldan/status/1899466015177580680
1899432282118582729,PervinBuldan,Van İl Eşbaşkanlarımız Veysi Dilekçi Gülşen Kurt ve il yönetimimizle birlikte Ekoloji Derneği ve ÖHD’yi ziyaret ettik. Sıcak ilgilerinden dolayı iki kurumumuza da teşekkür ediyoruz. https://t.co/dy36BaS1yH,Tue Mar 11 12:08:40 +0000 2025,72,2,2,https://twitter.com/PervinBuldan/status/1899432282118582729
1899047119710720445,PervinBuldan,Barış’a verilen destek her zaman kıymetlidir. Teşekkürler Edgar Morin. https://t.co/Cn15DH1GkR,Mon Mar 10 10:38:10 +0000 2025,266,15,15,https://twitter.com/PervinBuldan/status/1899047119710720445
1898740328292622509,PervinBuldan,Van’da 8 Mart Dünya Emekçi Kadınlar Gününü büyük bir coşkuyla kutladık. https://t.co/44csQEAwyg,Sun Mar 09 14:19:05 +0000 2025,224,13,7,https://twitter.com/PervinBuldan/status/1898740328292622509
1898300612837519800,PervinBuldan,8 Mart Dünya Emekçi Kadınlar günü kutlu olsun. Bu yıl daha büyük bir coşkuyla karşılıyoruz günümüzü. Barışa olan inanç ve kararlılıkla kadınlarla buluşuyoruz. Jin Jiyan Azadi,Sat Mar 08 09:11:49 +0000 2025,259,7,12,https://twitter.com/PervinBuldan/status/1898300612837519800
1897650709471912380,PervinBuldan,RT @MadeinKurdsh: Van Çaldıran öğrencilerinin muhteşem korosu sosyal medyada viral oldu https://t.co/i6f63eF0vU,Thu Mar 06 14:09:20 +0000 2025,0,64,0,https://twitter.com/PervinBuldan/status/1897650709471912380
1897649513776451638,PervinBuldan,"RT @DEMPartiWan: 9ê Adarê Saet 11:00'an Em ê li parqa Musa Anter bibin! 

9 Mart'ta saat 11:00'de Musa Anter Barış Parkında olacağız! 

@Tu…",Thu Mar 06 14:04:35 +0000 2025,0,7,0,https://twitter.com/PervinBuldan/status/1897649513776451638
1895724023633625214,PervinBuldan,Barışın yanında olalım https://t.co/1Hk0YBTSFv,Sat Mar 01 06:33:22 +0000 2025,957,54,74,https://twitter.com/PervinBuldan/status/1895724023633625214
1894438164674076692,PervinBuldan,RT @MadeinKurdsh: Genç Kürt kızlarının söylediği canda şarkısı sosyal medya'da beğeni topladı https://t.co/1ULkroJmvg,Tue Feb 25 17:23:50 +0000 2025,0,111,0,https://twitter.com/PervinBuldan/status/1894438164674076692
1893686941356277953,PervinBuldan,HDK’ye gerçekleştirilen hukuksuz tutuklama furyasından dolayı geçmiş olsun ziyareti gerçekleştirdik. https://t.co/Db2oFVg063,Sun Feb 23 15:38:44 +0000 2025,211,7,12,https://twitter.com/PervinBuldan/status/1893686941356277953
1893659315535257978,PervinBuldan,Dem parti İstanbul İl kongresinde yönetime seçilen bütün arkadaşlarıma başarılar diliyorum. Şimdiye kadar görevi yürüten arkadaşlarımızın emeklerine sağlık. https://t.co/yMrXh81e30,Sun Feb 23 13:48:57 +0000 2025,363,17,8,https://twitter.com/PervinBuldan/status/1893659315535257978
1893246682206216367,PervinBuldan,Partimizin emektarı olan ve Van İl örgümüzün bahçesinde sürekli nöbet tutan Mam Celal’in vefatı hepimizi derinden üzdü. Mekanı cennet olsun. https://t.co/W7hk6hjVV4,Sat Feb 22 10:29:18 +0000 2025,583,19,16,https://twitter.com/PervinBuldan/status/1893246682206216367
1892618062681047305,PervinBuldan,Hewler’in tarihi kalesini ziyaret ettik. Vali Omid Xoşnav’a teşekkür ederiz. https://t.co/p0AYiqyGsA,Thu Feb 20 16:51:23 +0000 2025,383,10,14,https://twitter.com/PervinBuldan/status/1892618062681047305
1892460574669246929,PervinBuldan,Kürdistan Bölgesel Yönetimi Başbakanı Mesrur Barzani’yle de bir görüşme gerçekleştirdik. https://t.co/mlvJzmLIWj,Thu Feb 20 06:25:35 +0000 2025,854,28,72,https://twitter.com/PervinBuldan/status/1892460574669246929
1892246077434191967,PervinBuldan,"Em wek şande çûn li ser gora #MamCelal. Lewra ew di dîroka Kurd û Kurdistanê de bi têkoşîna azadiyê, hêviya aştî û yekîtî, xebatên dîplomatîk tu car nayê jibîrkirin. Em li ser gora wî cardin soz didin ku sekn û têkoşîna wî wê rêya me ronî bike. Rûhê wî her şad be! https://t.co/O540iQLfEf",Wed Feb 19 16:13:15 +0000 2025,429,32,12,https://twitter.com/PervinBuldan/status/1892246077434191967
1892120732596949457,PervinBuldan,Irak Cumhurbaşkanı Sn. Abdullatif Reşid’in kıymetli eşi Shanaz Ibrahim Ahmed’in ziyaretimize verdiği kıymet ve ilgi için minnettarız. Kendisini tanımaktan büyük bir onur duydum. https://t.co/m6hfeYjmcT,Wed Feb 19 07:55:11 +0000 2025,811,31,17,https://twitter.com/PervinBuldan/status/1892120732596949457
1891892639332446279,PervinBuldan,Bizi sıcak karşılamalarından dolayı Sn. Bafıl ve Sn. Kubat Talabani’ye teşekkür ediyoruz. Çok kıymetli bir görüşme oldu. Gördük ki Mam Celal’in Barış ve Çözüm çabası sürdürülüyor. https://t.co/6pnps8FAII,Tue Feb 18 16:48:49 +0000 2025,971,47,42,https://twitter.com/PervinBuldan/status/1891892639332446279
1891796162899747112,PervinBuldan,Hewler’e ikinci ziyaretimiz Sn. Neçirwan Barzani’yle oldu. Bu kıymetli buluşmada gösterilen ilgiye teşekkür ediyorum. https://t.co/XASUEVcd35,Tue Feb 18 10:25:27 +0000 2025,645,26,41,https://twitter.com/PervinBuldan/status/1891796162899747112
1891205238431899775,PervinBuldan,Bugün Hewler’de Sn. Mesut Barzani ile önemli bir görüşme gerçekleştirdik. İlgi ve alakaları için çok teşekkür ediyorum. Bu görüşmenin hayırlara vesile olmasını temenni ediyorum. https://t.co/KMEZYsdYD7,Sun Feb 16 19:17:20 +0000 2025,1326,71,135,https://twitter.com/PervinBuldan/status/1891205238431899775
1890430129882431936,PervinBuldan,"Kürt sorununun çözümü ve barış için yaptığımız görüşmeler kapsamında Eş Genel Başkanlarımızla Barış için Toplumsal Girişim’ini ağırladık.
Değerli akademisyen, yazar ve siyasetçilere bu verimli görüşme için teşekkür ediyoruz. Ortak akla dayanarak barışı birlikte inşa edeceğiz. https://t.co/egaYg5MktA",Fri Feb 14 15:57:20 +0000 2025,179,14,17,https://twitter.com/PervinBuldan/status/1890430129882431936
1890026403481129468,PervinBuldan,RT @DEMGenelMerkezi: DEM Parti İmralı Heyeti Üyesi Pervin Buldan Edirne Cezaevinde tutuklu bulunan HDP önceki dönem Eş Genel Başkanı Selaha…,Thu Feb 13 13:13:04 +0000 2025,0,34,0,https://twitter.com/PervinBuldan/status/1890026403481129468
1888552277864030510,PervinBuldan,"RT @DEMPartiWan: DEM Parti Van Milletvekillerimiz dün #Elazığ'da #Vanspor'a yönelik ırkçı saldırıyı @TBMMGenelKurulu gündemine taşıdı! 

#V…",Sun Feb 09 11:35:25 +0000 2025,0,37,0,https://twitter.com/PervinBuldan/status/1888552277864030510
1888314273627079009,PervinBuldan,Vanspor’a yapılan saldırıyı lanetliyorum. Yaralılara acil şifalar diliyorum.Olay tüm boyutlarıyla incelenip ortaya çıkartılmalıdır.,Sat Feb 08 19:49:40 +0000 2025,1365,65,27,https://twitter.com/PervinBuldan/status/1888314273627079009
1885401508746842485,PervinBuldan,"RT @DEMGenelMerkezi: DEM Parti İmralı Heyeti Üyesi Pervin Buldan, Sincan Kapalı Cezaevinde tutuklu bulunan DTK Eş Başkanı Leyla Güven ve di…",Fri Jan 31 18:55:23 +0000 2025,0,72,0,https://twitter.com/PervinBuldan/status/1885401508746842485
1884306473850921039,PervinBuldan,"Bu haberde geçen bütün iddialar, söylenenler hiçbiri doğru değil.Habercilik ilkelerini bile ayaklar altına aldınız. Bu kadar hayati bir meselede bile böylesi yalan ve yanlış bilgi vermek işin ciddiyetine uygun değil. Kısacası külliyen yalan bir haber. 

https://t.co/fnhuhqgeMQ https://t.co/2DYIT1EEP1",Tue Jan 28 18:24:06 +0000 2025,779,96,110,https://twitter.com/PervinBuldan/status/1884306473850921039
1880531815414526118,PervinBuldan,Eş Genel Başkanımız Tuncer Bakırhan’ın kıymetli Babası Ali Bakırhana Allah’tan rahmet diliyorum. Bakırhan ailesine başsağlığı dileklerimi iletiyorum.,Sat Jan 18 08:24:58 +0000 2025,365,13,17,https://twitter.com/PervinBuldan/status/1880531815414526118
1880213941114270145,PervinBuldan,"RT @DEMGenelMerkezi: Umutluyuz, halkımızın desteği barış ve çözüm için kıymetli yapı taşı olacak

DEM Parti İmralı Heyeti'nin Sayın Öcalan…",Fri Jan 17 11:21:50 +0000 2025,0,216,0,https://twitter.com/PervinBuldan/status/1880213941114270145
1880209076233117916,PervinBuldan,"""Barış için ses olalım.
“Savaşın karanlığından çıkıp barışın aydınlığında buluşmak için bir imza da ben veriyorum!""

https://t.co/QdXvz9DWh7",Fri Jan 17 11:02:31 +0000 2025,366,53,50,https://twitter.com/PervinBuldan/status/1880209076233117916
1873664040557486403,PervinBuldan,"Sürecin hassasiyeti nedeniyle,bir olgunluğa ulaşana kadar basına bilgilendirme yapamayacağız. Bu bazı şeyleri kamuoyundan gizlemek anlamına gelmiyor,yürüttüğümüz sürece saygının gereğidir.Tek cümle kurmak gerekirse;eski süreçlere kıyasla çok daha umutlu olduğumuzu söyleyebiliriz.",Mon Dec 30 09:34:52 +0000 2024,2937,221,1034,https://twitter.com/PervinBuldan/status/1873664040557486403
1866522226474033640,PervinBuldan,"RT @DEMPartiWan: Em ji welatiyên xwe yên di qezaya zincîrê ya ku vê sibê li ser rêya #Wan #Erdîşê pêk hatî de jiyana xwe ji dest dan, rehme…",Tue Dec 10 16:35:51 +0000 2024,0,15,0,https://twitter.com/PervinBuldan/status/1866522226474033640
1866426543846944939,PervinBuldan,Van-Erciş karayolunda meydana gelen zincirleme kazara hayatını kaybeden 2 yurttaşımıza Allahtan rahmet diliyorum. Yarılılara acil şifalar. Geçmiş olsun..,Tue Dec 10 10:15:39 +0000 2024,214,7,15,https://twitter.com/PervinBuldan/status/1866426543846944939
1863494574317961523,PervinBuldan,RT @KeskinEren1: Nimet için buluşuyoruz👇🏿,Mon Dec 02 08:05:03 +0000 2024,0,74,0,https://twitter.com/PervinBuldan/status/1863494574317961523
1862760418046845237,PervinBuldan,"RT @DEMPartiWan: Bizler halkız, haklıyız, buradayız! 

#BahçesaraydaDarbeVar 

@VDilekci @ayvazhzr @neslihansedal65 @MahmutDindar65 @canbeg…",Sat Nov 30 07:27:46 +0000 2024,0,38,0,https://twitter.com/PervinBuldan/status/1862760418046845237
1862195565720658386,PervinBuldan,"RT @LogHaber: 📌 Bu babaya da mı acımıyorsunuz ?

İçişleri Bakanlığının,  DEM Parti Milletvekili Pervin Buldan’ın soru önergesine verdiği ce…",Thu Nov 28 18:03:15 +0000 2024,0,139,0,https://twitter.com/PervinBuldan/status/1862195565720658386
1861044914286452926,PervinBuldan,"RT @DEMGenelMerkezi: Kadın Meclisimizin katılımıyla Van'da 25 Kasım'a ilişkin açıklama yapılıyor
 https://t.co/3t3bINngc2",Mon Nov 25 13:50:58 +0000 2024,0,60,0,https://twitter.com/PervinBuldan/status/1861044914286452926
1861033940783448090,PervinBuldan,Van’dayız.,Mon Nov 25 13:07:22 +0000 2024,455,20,11,https://twitter.com/PervinBuldan/status/1861033940783448090
1856253316080042009,PervinBuldan,"RT @360Gazete: Diyarbakır’da Böbrek nakli olan genç, doktoruna saz çaldı https://t.co/GD4ohq3Ghl",Tue Nov 12 08:30:52 +0000 2024,0,32,0,https://twitter.com/PervinBuldan/status/1856253316080042009
1853734020275748942,PervinBuldan,Biz sana ölüyoruz…,Tue Nov 05 09:40:05 +0000 2024,7034,289,863,https://twitter.com/PervinBuldan/status/1853734020275748942
1853731344825659568,PervinBuldan,"RT @DEMGenelMerkezi: Kayyım darbesinde ısrar etmek siyasi tükenmişliğin göstergesidir!

Merkez Yürütme Kurulumuzun açıklaması:
https://t.co…",Tue Nov 05 09:29:27 +0000 2024,0,788,0,https://twitter.com/PervinBuldan/status/1853731344825659568
1853723603155468340,PervinBuldan,https://t.co/aWfBfz1xqY,Tue Nov 05 08:58:42 +0000 2024,239,15,21,https://twitter.com/PervinBuldan/status/1853723603155468340
1848288046585626934,PervinBuldan,"RT @hdpdemirtas: Bu çağrı metninin hazırlanmasında bile bana öğretmeye, katkı sunmaya devam eden mücadeleci tüm kadınlara selam ve teşekkür…",Mon Oct 21 08:59:44 +0000 2024,0,2141,0,https://twitter.com/PervinBuldan/status/1848288046585626934
1847536739755188315,PervinBuldan,"Iğdır’da bütün evler, bütün insanlar aynıdır.",Sat Oct 19 07:14:18 +0000 2024,943,33,106,https://twitter.com/PervinBuldan/status/1847536739755188315
1847235920560316903,PervinBuldan,Emine Şenyaşar annenin bitmez tükenmez çığlığı ve adalet talebi sonucu oğlu tahliye oldu. Gözün aydın olsun Emine Anne..,Fri Oct 18 11:18:58 +0000 2024,706,37,6,https://twitter.com/PervinBuldan/status/1847235920560316903
1846195861119791299,PervinBuldan,Rojin Kabaiş’in cansız bedenine ulaşılmış. Bu olay ivedilikle araştırılıp soruşturulmalı. Ölüm nedeni kamuoyuyla mutlaka paylaşılmalı. Ailesine sabır diliyorum.,Tue Oct 15 14:26:08 +0000 2024,451,21,26,https://twitter.com/PervinBuldan/status/1846195861119791299
1846106936351056137,PervinBuldan,"Hepsi birer insandı kuş olup uçmadılar, kül olup savrulmadılar. İşkenceyle katledilenlerin failleri aklandı. Bunun adı Adelet olamaz. Buna Hukuk diyemeyiz. Korunan, kollanan, aklanan hepsi katildir.",Tue Oct 15 08:32:47 +0000 2024,312,34,9,https://twitter.com/PervinBuldan/status/1846106936351056137
1846097052075209000,PervinBuldan,"Mehmet Ağar ve arkadaşları bir kez daha aklandı. Onca insan katledilmemis gibi nasıl da aklandılar. İşkenceler, kaçırmalar, öldürmeler hiç olmamış gibi. Adaletiniz batsın.",Tue Oct 15 07:53:30 +0000 2024,376,52,16,https://twitter.com/PervinBuldan/status/1846097052075209000
1844741837661090047,PervinBuldan,Amed’deyiz..,Fri Oct 11 14:08:22 +0000 2024,253,19,12,https://twitter.com/PervinBuldan/status/1844741837661090047
1844421922756673583,PervinBuldan,"RT @dempartistanbul: Van Büyükşehir Belediye Eşbaşkanları Abdullah Zeydan ve Neslihan Şadal'ın ev sahipliğinde, Grup Başkan Vekilimiz Sezai…",Thu Oct 10 16:57:08 +0000 2024,0,16,0,https://twitter.com/PervinBuldan/status/1844421922756673583
1844415924927070245,PervinBuldan,"RT @haliskahriman: İstanbul Yenikapı etkinlik alanında 3.sü düzenlenen“Van Kültür Buluşmaları”nın açılış programına katıldık.

Tarihi ve kü…",Thu Oct 10 16:33:18 +0000 2024,0,5,0,https://twitter.com/PervinBuldan/status/1844415924927070245
1844415880924643406,PervinBuldan,"RT @VanTSOKurdi: Parlementerê DEM Partiyê ya Wanê Pervin Buldan, Hevşaredarê Bajarê Mezin a Wanê Neslîhan Şedal û Abdullah Zeydan û Parleme…",Thu Oct 10 16:33:08 +0000 2024,0,5,0,https://twitter.com/PervinBuldan/status/1844415880924643406
1844389849249497380,PervinBuldan,Van Tanıtım Günleri ve Kültür Buluşmalarından… https://t.co/MODtC88Afq,Thu Oct 10 14:49:41 +0000 2024,44,1,2,https://twitter.com/PervinBuldan/status/1844389849249497380
1844382662133416350,PervinBuldan,"Yenikapıda düzenlenen Van Tanıtım günlerindeydik. Van B.B. Eşbaşkanlarımız @neslihansedal65, @AbdullahZeydan ve Esenyurt Belediye Başkanı Ahmet Özer’inde katıldığı kıymetli buluşmalar gerçekleştirdik. Emeği geçenlere teşekkürler https://t.co/SGbNkSTvCU",Thu Oct 10 14:21:08 +0000 2024,198,5,3,https://twitter.com/PervinBuldan/status/1844382662133416350
1843263778676429278,PervinBuldan,Van Tuhay-Der’in hasta tutsaklar için yaptığı basın açıklanmasındayız… https://t.co/vFATX5h5Hg,Mon Oct 07 12:15:05 +0000 2024,118,12,5,https://twitter.com/PervinBuldan/status/1843263778676429278
1842913481877794914,PervinBuldan,13 Ekimde Amed’de gerçekleştireceğimiz miting çalışmaları vesilesiyle Van Gürpınar’a bağlı selexane köyundeydik.. https://t.co/q2IfDqKXYh,Sun Oct 06 13:03:08 +0000 2024,212,10,8,https://twitter.com/PervinBuldan/status/1842913481877794914
1842648943991386230,PervinBuldan,RT @MadeinKurdsh: Were Peri 🍂 https://t.co/vY4KFxVUnO,Sat Oct 05 19:31:57 +0000 2024,0,30,0,https://twitter.com/PervinBuldan/status/1842648943991386230
1842539015968272715,PervinBuldan,Van’ın Çaldıran İlçesinin Şığrom  (Yücelen) köyündeyiz. https://t.co/9oIUKO2sCo,Sat Oct 05 12:15:08 +0000 2024,185,11,0,https://twitter.com/PervinBuldan/status/1842539015968272715
1842299339852447821,PervinBuldan,RT @DEMPartiWan: #Edremit ilçemizde halkımızla bir araya geldik ve tecride karşı #13EkimdeAmedde gerçekleştireceğimiz #BüyükÖzgürlükMitingi…,Fri Oct 04 20:22:45 +0000 2024,0,9,0,https://twitter.com/PervinBuldan/status/1842299339852447821
1842202533093138831,PervinBuldan,İki yıl önce katledilen Akedemisyen ve Gazeteci kimlikli Nagihan Akarsel’i Van’da andık. Kadın düşmanı zihniyet bilsin ki Nagihan’ın kalemi yere düşmedi. https://t.co/Do1IInbjqH,Fri Oct 04 13:58:05 +0000 2024,134,7,1,https://twitter.com/PervinBuldan/status/1842202533093138831
1842168647969648666,PervinBuldan,Van il örgütümüz ve Milletvekillerimizle birlikte bir haftadır kayıp olan Rojin Kabaişin ailesi ile görüştük. Rojin’in bir an önce bulunması için olayın yakın takipçisiyiz. https://t.co/NwuXsYBIQs,Fri Oct 04 11:43:26 +0000 2024,129,15,2,https://twitter.com/PervinBuldan/status/1842168647969648666
1842144386894749808,PervinBuldan,83 yaşında tutuklanan ve uzun süre cezaevinde kalan Makbule anneyi Van’daki evinde @GulcanKcmzSyygt  vekilimizle birlikte ziyaret ettik. https://t.co/aKbUNksv19,Fri Oct 04 10:07:01 +0000 2024,702,29,22,https://twitter.com/PervinBuldan/status/1842144386894749808
1841938881295589735,PervinBuldan,"RT @AbdullahZeydan: QELQELÎ❗️ÖZALP❗️

Îro em li welatê egît  û şêran bûn. Pêşniyar, nêrîn  û rexneyên gelê me me xurttir dike. Em spasiya g…",Thu Oct 03 20:30:25 +0000 2024,0,28,0,https://twitter.com/PervinBuldan/status/1841938881295589735
1841885468964843698,PervinBuldan,Teşekkürler Özalp. https://t.co/xxio3lF5Mn,Thu Oct 03 16:58:11 +0000 2024,152,7,0,https://twitter.com/PervinBuldan/status/1841885468964843698
1841847867276775493,PervinBuldan,Van Özalp ilçemizde gün boyu yoğun programlar yaptık. İlçe örgütümüzü ve Belediyemizi ziyaret ettik. https://t.co/tuhdasU4Hr,Thu Oct 03 14:28:46 +0000 2024,92,2,1,https://twitter.com/PervinBuldan/status/1841847867276775493
1841838278275707362,PervinBuldan,Van Büyükşehir Beledeye Eşbaşkanlarımız @AbdullahZeydan ve @neslihansedal65 ile birlikte Özalp ilçemizde esnafımızla bir araya geldik. Emeği geçenlere teşekkür ediyoruz https://t.co/BdCJB7X9Ta,Thu Oct 03 13:50:39 +0000 2024,139,9,4,https://twitter.com/PervinBuldan/status/1841838278275707362
1841479206091317288,PervinBuldan,"Bugün @mithatsancarr başkanla birlikte Sincan Cezaevinde Ali Ürküt, Doğan Erbaş, Günay Kubilay, Nazmi Gür ve Alp Altınörs arkadaşlarımızı ziyaret ettik. Herkese selam ve sevgilerini ilettiler.",Wed Oct 02 14:03:50 +0000 2024,145,6,2,https://twitter.com/PervinBuldan/status/1841479206091317288
1840722782084022407,PervinBuldan,"#RojinKabaiş Van Yüzüncü Yıl Üniversitesi Çocuk Gelişimi Bölümü 1.Sınıf öğrencisi iki gündür kendisinden haber alınamıyor. Cep telefonu ve kulaklığı Van Gölü kenarında bulunmuş. Dualarımız  ve temennimiz kardeşimizin biran önce sağ salim bulunmasıdır.
#RojinKabaiş https://t.co/xS7bQnC3Kt",Mon Sep 30 11:58:04 +0000 2024,170,25,5,https://twitter.com/PervinBuldan/status/1840722782084022407
1840666804621815942,PervinBuldan,"RT @DemPartiKadin: Kadın Meclisimiz 'Özgür ve Eşit Yaşamda Israrcıyız, Savaşlara Karşıyız' deklarasyonunu açıklıyor https://t.co/U7zum8VZKR",Mon Sep 30 08:15:38 +0000 2024,0,70,0,https://twitter.com/PervinBuldan/status/1840666804621815942
1840411550294659549,PervinBuldan,Eş Başkanımız Tülay Hatimoğulları ile birlikte Nan U Dad / Ekmek ve Adalet buluşmaları kapsamında bugün İstanbul’daydık. Kürsüye çıkan her emekçi yoksulluktan ve adaletsizlikten bahsetti. Emeği geçen herkese teşekkürler. https://t.co/vKjliCBqNj,Sun Sep 29 15:21:21 +0000 2024,151,8,3,https://twitter.com/PervinBuldan/status/1840411550294659549
1837964285894709431,PervinBuldan,"RT @tuncerbakirhan: 📍31'inci Musa Anter ve Özgür Basın Şehitleri Gazetecilik Ödülleri etkinliğine katıldık. 

📍Apê Musa özgür basının yılma…",Sun Sep 22 21:16:48 +0000 2024,0,44,0,https://twitter.com/PervinBuldan/status/1837964285894709431
1837925781827129745,PervinBuldan,"Musa Anter ve Özgür Basın Şehitleri Gazetecilik Ödülleri Gecesine katıldık. Ödül alanları kutluyor,  emeği geçenlere teşekkür ediyorum. https://t.co/bstb5QazCt",Sun Sep 22 18:43:48 +0000 2024,420,9,12,https://twitter.com/PervinBuldan/status/1837925781827129745
1837180981628842461,PervinBuldan,"Musa Anter’i katledilişinin 32. Yıldönümünde minnet ve şükranla anıyorum. Bugün maalesef oğlu Anter ‘de aramızdan ayrıldı. Mekanları cennet, ruhları şad olsun. https://t.co/x1D4Ojp3Yf",Fri Sep 20 17:24:13 +0000 2024,145,5,8,https://twitter.com/PervinBuldan/status/1837180981628842461
1836876965107691696,PervinBuldan,İbrahim Ayhan’ı vefatının 6. Yıldönümünde minnet ve şükranla anıyorum. https://t.co/qFvjMkVBl9,Thu Sep 19 21:16:10 +0000 2024,507,22,13,https://twitter.com/PervinBuldan/status/1836876965107691696
1835760309736296644,PervinBuldan,"RT @meraldanis: Sevgili Aysel Tuğluk’u @PervinBuldan ile birlikte ziyaret ettik. 

Aysel’in rahatsızlığı cezaevinde başladı ve tüm çabalara…",Mon Sep 16 19:18:59 +0000 2024,0,123,0,https://twitter.com/PervinBuldan/status/1835760309736296644
1835044309185577330,PervinBuldan,"RT @YangozGonca: “Özgür ve Eşit Yaşamda Israrcıyız, Örgütleniyoruz” Konferansı: Dayanışma ağımızı dünya kadınlarıyla birlikte öreceğiz

Kad…",Sat Sep 14 19:53:51 +0000 2024,0,2,0,https://twitter.com/PervinBuldan/status/1835044309185577330
1834939165051412789,PervinBuldan,"Sincan Cezaevinde Leyla Güven, Ayşe Gökkan, Aynur Aşan ve Zeynep Karaman arkadaslarimizi ziyaret ettim. Oldukça moralli ve iyiydiler. Herkese selamları var..",Sat Sep 14 12:56:03 +0000 2024,478,28,32,https://twitter.com/PervinBuldan/status/1834939165051412789
1834182435816321060,PervinBuldan,Merkezi Kadın Örgütlenme Konferasımız başladı. https://t.co/K8ajEau6Es,Thu Sep 12 10:49:04 +0000 2024,184,7,33,https://twitter.com/PervinBuldan/status/1834182435816321060
1833196617782202825,PervinBuldan,Zavallı…,Mon Sep 09 17:31:47 +0000 2024,5778,210,1517,https://twitter.com/PervinBuldan/status/1833196617782202825
1832812539018707164,PervinBuldan,"RT @tuncerbakirhan: Ekmek ve Adalet buluşmalarımız kapsamında Tekirdağ'da işçi ve emekçilerle bir araya geldik. 

Türkiye’nin ikinci yüzyıl…",Sun Sep 08 16:05:35 +0000 2024,0,31,0,https://twitter.com/PervinBuldan/status/1832812539018707164
1832785738070380766,PervinBuldan,Narin kızımıza kıyanlar gün yüzü görmesin. Çok ama çok üzgünüm. https://t.co/mqhxXqmSZI,Sun Sep 08 14:19:06 +0000 2024,1845,54,399,https://twitter.com/PervinBuldan/status/1832785738070380766
1832784495725973983,PervinBuldan,Partimizin Ekmek ve Adalet buluşmaları kapsamında bugün Tekirdag’daydık. Kıymetli bir buluşma oldu. Emeği geçenlere teşekkür ediyoruz. https://t.co/AR4N2oHZ0G,Sun Sep 08 14:14:09 +0000 2024,116,3,15,https://twitter.com/PervinBuldan/status/1832784495725973983
1832430560892854406,PervinBuldan,Sevgili Hüdaya Kayanın oğlu Cihad ile Van’lı Leventoglu ailesinin kızı Zilan’ın nikah törenlerine katıldık. Allah mesut ve bahtiyar etsin.. https://t.co/VvVnqjzik1,Sat Sep 07 14:47:45 +0000 2024,1051,45,38,https://twitter.com/PervinBuldan/status/1832430560892854406
1831274203669995590,PervinBuldan,Sevgili Mehmet Sincar 1993 yılında katledildi. 31. Yıldönümünde saygı ve minnetle anıyorum. https://t.co/CxnLISxqh4,Wed Sep 04 10:12:48 +0000 2024,414,19,25,https://twitter.com/PervinBuldan/status/1831274203669995590
1828883516064436320,PervinBuldan,Nazmi Gür’den okunası bir söyleşi.. https://t.co/b5xvUOxOPd,Wed Aug 28 19:53:03 +0000 2024,28,4,4,https://twitter.com/PervinBuldan/status/1828883516064436320
1828168013092397515,PervinBuldan,"RT @neslihansedal65: “Civaka Hişyar, Wana Paqij’’

‘’Duyarlı Toplum, Temiz Van’’

Em ji bo hêstyariya gelê xwe sipasdar in🙏
@gulsenkurtDEM…",Mon Aug 26 20:29:54 +0000 2024,0,18,0,https://twitter.com/PervinBuldan/status/1828168013092397515
1827432926142755107,PervinBuldan,"#NarinGüranNerede 
Lütfen yaygınlaştıralım. https://t.co/KWLtVjEvE6",Sat Aug 24 19:48:56 +0000 2024,2074,557,15,https://twitter.com/PervinBuldan/status/1827432926142755107
1827418376303411365,PervinBuldan,"RT @DEMGenelMerkezi: Bakırhan: Bahçeli iktidarı kaybetme efkârını küfürlerle bizim üzerimizden değil Ferdi Tayfur dinleyerek dağıtsın, iyi…",Sat Aug 24 18:51:07 +0000 2024,0,85,0,https://twitter.com/PervinBuldan/status/1827418376303411365
1826671889563222145,PervinBuldan,#EzKurdimZimanêMinKurdîye https://t.co/QON9YbPhX7,Thu Aug 22 17:24:51 +0000 2024,554,45,12,https://twitter.com/PervinBuldan/status/1826671889563222145
1824809097419501702,PervinBuldan,"RT @DEMGenelMerkezi: Kürt siyasetçi Tarık Ziya Ekinci'nin cenazesi Pervin Buldan, Gültan Kışanak, MYK ve PM üyelerimiz ve milletvekillerimi…",Sat Aug 17 14:02:46 +0000 2024,0,53,0,https://twitter.com/PervinBuldan/status/1824809097419501702
1824777228191694953,PervinBuldan,"RT @dempartistanbul: Ömrünü özgürlük, demokrasi ve eşitlik mücadelesine adayan tarihçi ve Kürt siyasetçi Dr. #TarıkZiyaEkinci’yi Üsküdar’da…",Sat Aug 17 11:56:08 +0000 2024,0,48,0,https://twitter.com/PervinBuldan/status/1824777228191694953
1824053150241673661,PervinBuldan,Tarık Ziya Ekinci’nin vefatından dolayı büyü üzüntü duydum. Faili belli bir cinayete kurban giden kardeşi Yusuf Ekinci’nin katilleri yargılansın diye uzun yıllar mücadele etti. Bir çok programda beraber konuşmalar yaptık. Sevenlerinin ve yakınlarının başı sağolsun.. https://t.co/7O2BN1aj4o,Thu Aug 15 11:58:54 +0000 2024,261,13,13,https://twitter.com/PervinBuldan/status/1824053150241673661
1822720127626002619,PervinBuldan,"RT @ugur__akbulak: Seni yok sayacaklar, sen daha çok var olacaksın.

#Amedspor 

 https://t.co/Wd08Vg6aTc",Sun Aug 11 19:41:57 +0000 2024,0,6,0,https://twitter.com/PervinBuldan/status/1822720127626002619
1818648301865972217,PervinBuldan,Dün Kenan Işık bugün Genco Erkal yaşamlarını yitirdiler. Sevdiklerine ve ailelerine sabır diliyorum. Allah rahmet eylesin..,Wed Jul 31 14:01:58 +0000 2024,180,0,10,https://twitter.com/PervinBuldan/status/1818648301865972217
1818248640629993616,PervinBuldan,Van Eşbaşkanlarımız Veysi Dilekçi ve Gülşen Kurt’un da aralarında olduğu çok sayıda arkadaşımız sabaha karşı gözaltına alındı. Bu gözaltıları kınıyorum. Arkadaşlarımız derhal serbest bırakılmalı bu keyfi gözaltılara son verilmelidir. https://t.co/aS60kwmhSt,Tue Jul 30 11:33:52 +0000 2024,126,7,5,https://twitter.com/PervinBuldan/status/1818248640629993616
1817642775191384222,PervinBuldan,"https://t.co/IWrA40GSxR 
Halay direniştir, halay özgürlüktür, halay tarihtir, halay Kürdün kimliğidir.
#EmBernadinVêDîlane",Sun Jul 28 19:26:22 +0000 2024,2752,121,120,https://twitter.com/PervinBuldan/status/1817642775191384222
1816800165648363913,PervinBuldan,"Eş Genel Başkanımız Tuncer Bakırhan’ın annesinin taziyesi için bugün Kars’a geldik.., https://t.co/sd2mPPPzWL",Fri Jul 26 11:38:08 +0000 2024,347,6,7,https://twitter.com/PervinBuldan/status/1816800165648363913
1815723438717202857,PervinBuldan,Eş Genel Başkanımız Tuncer Bakırhan’ın kıymetli annesi İpek Bakırhan’a allahtan rahmet ailesine başsağlığı dileklerimi iletiyorum.,Tue Jul 23 12:19:36 +0000 2024,191,7,10,https://twitter.com/PervinBuldan/status/1815723438717202857
1814727265097327030,PervinBuldan,"İstanbul'da Garip Dede Cemevinde düzenlenen Aşure lokmasına katıldık. 

Geçmişten bugüne zulüm ve işkence gören, can verip yolundan dönmeyenler için tutulan yassı muharrem oruçlarının hak katında kabul edilmesini diliyorum. Pişirilen aşure lokmaları da hak defterine yazılsın. https://t.co/BM74nASlKN",Sat Jul 20 18:21:10 +0000 2024,184,5,1,https://twitter.com/PervinBuldan/status/1814727265097327030
1813179185117954486,PervinBuldan,Van İpekyolu Belediyemizi ziyaret ettik.. https://t.co/mS0HJgi1Ou,Tue Jul 16 11:49:39 +0000 2024,112,2,0,https://twitter.com/PervinBuldan/status/1813179185117954486
1812811423103299905,PervinBuldan,Van il örgütümüzle birlikte dün Vangölülünde boğularak yaşamını yitiren iki insanımızın taziyelerine gittik. Ailelerine bir kez daha başsağlığı diliyorum. Allah rahmet etsin.. https://t.co/Lvxyrf7YDn,Mon Jul 15 11:28:18 +0000 2024,135,3,1,https://twitter.com/PervinBuldan/status/1812811423103299905
1812052996458463492,PervinBuldan,Dem parti Yüksekova ve Şemdinli ilçe örgütlerimizle birlikte evinin önünde silahlı saldırı sonucu yaşamını yitiren Yüksekova Ticaret ve Sanayi odası meclis başkanı Timur Sevinin taziyesine katıldık.Allah rahmet etsin. https://t.co/8OEzDCdeQT,Sat Jul 13 09:14:35 +0000 2024,87,1,2,https://twitter.com/PervinBuldan/status/1812052996458463492
1811789332199391300,PervinBuldan,"Kayyımlara karşı çıkmak için Hakkari’ye gelen KESK, TMOB ve TTB heyetleriyle birlikte açıklama yaptık. https://t.co/TnYvDmicIg",Fri Jul 12 15:46:52 +0000 2024,126,1,3,https://twitter.com/PervinBuldan/status/1811789332199391300
1811086166512247207,PervinBuldan,Gever’de altı elti bir aradayız. https://t.co/QV3HT0vKXh,Wed Jul 10 17:12:45 +0000 2024,1756,17,53,https://twitter.com/PervinBuldan/status/1811086166512247207
1811069978038182240,PervinBuldan,Dem parti Gever İlçe örgütümüz ve Gever Belediye Eşbaşkanlarımız  düğünümüzde bizleri yalnız bırakmadılar. https://t.co/UOAyGkOl3i,Wed Jul 10 16:08:25 +0000 2024,207,1,1,https://twitter.com/PervinBuldan/status/1811069978038182240
1810377134528974856,PervinBuldan,"RT @yenidalgatv: SÖZ VE YAŞAM | 90'ların çığlığının bügüne yankısı | #ZelalBuldan
https://t.co/ONgFFyB6qi https://t.co/HSTibvrXOh",Mon Jul 08 18:15:18 +0000 2024,0,4,0,https://twitter.com/PervinBuldan/status/1810377134528974856
1809917255150457004,PervinBuldan,Vedat Aydın’ı katledilişinin 33.yılında minnet ve şükranla anıyorum. https://t.co/62Kwmlm1zJ,Sun Jul 07 11:47:54 +0000 2024,328,6,18,https://twitter.com/PervinBuldan/status/1809917255150457004
1809675233789636779,PervinBuldan,"RT @tuncerbakirhan: İstanbul'da yaşayan Kars Digorlu hemşehrilerimizin; ""Kendimize, Kentimize ve Belediyemize sahip çıkma"" amacıyla düzenle…",Sat Jul 06 19:46:12 +0000 2024,0,29,0,https://twitter.com/PervinBuldan/status/1809675233789636779
1809675094341611527,PervinBuldan,RT @glstnkocyigit: Eş Genel Başkanımız Sevgili @tuncerbakirhan Sevgili @PervinBuldan İstanbul Milletvekilimiz @CelalFrt İstanbul İl Eş Başk…,Sat Jul 06 19:45:39 +0000 2024,0,11,0,https://twitter.com/PervinBuldan/status/1809675094341611527
1809660448637350383,PervinBuldan,"Kars Digor’lularla dayanışma gecesine katıldık.
@tuncerbakirhan 
@glstnkocyigit 
@CelalFrt https://t.co/5zv8U0iw0W",Sat Jul 06 18:47:27 +0000 2024,68,4,2,https://twitter.com/PervinBuldan/status/1809660448637350383
1807150747433279639,PervinBuldan,"RT @TulayHatim: İstanbul’dan Hakkari’ye direnişimiz büyüyor!   

Bugün İstanbul’da Emek, Barış ve Demokrasi Güçleriyle kayyım darbesine kar…",Sat Jun 29 20:34:48 +0000 2024,0,20,0,https://twitter.com/PervinBuldan/status/1807150747433279639
1807132252758839326,PervinBuldan,"""Emeğimiz ve Özgürlüğümüz İçin Kayyuma Geçit Vermeyeceğiz!"" mitingimizden….

#KayyumaDurDe! https://t.co/Vdlw3IlG3r",Sat Jun 29 19:21:18 +0000 2024,107,3,4,https://twitter.com/PervinBuldan/status/1807132252758839326
1807108925369496047,PervinBuldan,Orhan Doğan’ı aramızdan ayrılışının 17. Yıldönümününde saygıyla anıyorum.. https://t.co/dz0UQMFfYC,Sat Jun 29 17:48:36 +0000 2024,168,4,4,https://twitter.com/PervinBuldan/status/1807108925369496047
1807052663189623133,PervinBuldan,Madımak Katliamı Hafıza Merkezinin düzenlediği programa katıldık.@TulayHatim @tuncerbakirhan @meraldanis @CelalFrt https://t.co/Ehn4xnozzK,Sat Jun 29 14:05:02 +0000 2024,117,7,0,https://twitter.com/PervinBuldan/status/1807052663189623133
1807043009965343088,PervinBuldan,Sevgili Hüda Kaya’yı evinde ziyaret ettik. https://t.co/NbBXRrrdTB,Sat Jun 29 13:26:41 +0000 2024,838,18,10,https://twitter.com/PervinBuldan/status/1807043009965343088
